<?xml version="1.0" encoding="UTF-8"?>
<project-private xmlns="http://www.netbeans.org/ns/project-private/1">
    <editor-bookmarks xmlns="http://www.netbeans.org/ns/editor-bookmarks/2" lastBookmarkId="1"/>
    <open-files xmlns="http://www.netbeans.org/ns/projectui-open-files/2">
        <group>
            <file>file:/C:/Users/sno10/Desktop/projects/vgdbserver/app/routes/getAllUserReviews.js</file>
            <file>file:/C:/Users/sno10/Desktop/projects/vgdbserver/app/routes/getUserList.js</file>
            <file>file:/C:/Users/sno10/Desktop/projects/vgdbserver/app/routes/getCompanyInfo.js</file>
            <file>file:/C:/Users/sno10/Desktop/projects/vgdbserver/app/routes/getGameSystemList.js</file>
            <file>file:/C:/Users/sno10/Desktop/projects/vgdbserver/app/routes/getSystemList.js</file>
            <file>file:/C:/Users/sno10/Desktop/projects/vgdbserver/app/app.js</file>
            <file>file:/C:/Users/sno10/Desktop/projects/vgdbserver/app/db.js</file>
            <file>file:/C:/Users/sno10/Desktop/projects/vgdbserver/app/routes/getUserGameReview.js</file>
            <file>file:/C:/Users/sno10/Desktop/projects/vgdbserver/bin/www.js</file>
            <file>file:/C:/Users/sno10/Desktop/projects/vgdbserver/app/routes/searchGame.js</file>
            <file>file:/C:/Users/sno10/Desktop/projects/vgdbserver/app/routes/searchEmail.js</file>
            <file>file:/C:/Users/sno10/Desktop/projects/vgdbserver/app/routes/register.js</file>
            <file>file:/C:/Users/sno10/Desktop/projects/vgdbserver/app/routes/verifyToken.js</file>
            <file>file:/C:/Users/sno10/Desktop/projects/vgdbserver/app/routes/getUserDetails.js</file>
            <file>file:/C:/Users/sno10/Desktop/projects/vgdbserver/app/routes/getGameList.js</file>
            <file>file:/C:/Users/sno10/Desktop/projects/vgdbserver/app/routes/getGameRating.js</file>
            <file>file:/C:/Users/sno10/Desktop/projects/vgdbserver/app/routes/getAllGameReviews.js</file>
            <file>file:/C:/Users/sno10/Desktop/projects/vgdbserver/app/routes/searchUser.js</file>
            <file>file:/C:/Users/sno10/Desktop/projects/vgdbserver/app/routes/getUserGameStatus.js</file>
            <file>file:/C:/Users/sno10/Desktop/projects/vgdbserver/app/routes/getUserGameList.js</file>
            <file>file:/C:/Users/sno10/Desktop/projects/vgdbserver/app/routes/loginAuth.js</file>
            <file>file:/C:/Users/sno10/Desktop/projects/vgdbserver/app/routes/setUserGameRating.js</file>
            <file>file:/C:/Users/sno10/Desktop/projects/vgdbserver/app/routes/getGameInfo.js</file>
        </group>
    </open-files>
</project-private>
